{
  "iter_1": {
    "set_2": {
      "config_0": {
        "drift": false,
        "drift_data": [
          -0.000553,
          0.000279,
          -0.000221
        ],
        "devi_force": false,
        "devi_force_data": [
          3.300091205325264,
          3.1300534573881897,
          0.9663876943813406
        ]
      },
      "config_1": {
        "drift": false,
        "drift_data": [
          -0.000576,
          -0.001169,
          -3.8e-05
        ],
        "devi_force": false,
        "devi_force_data": [
          4.005685886482711,
          2.942192871801946,
          1.062082273708512
        ]
      },
      "config_2": {
        "drift": false,
        "drift_data": [
          0.000882,
          -0.002551,
          -0.000258
        ],
        "devi_force": false,
        "devi_force_data": [
          1.3977491873397854,
          1.5432382578556478,
          1.4860642701793403
        ]
      },
      "config_3": {
        "drift": false,
        "drift_data": [
          0.000627,
          -0.000245,
          0.000689
        ],
        "devi_force": false,
        "devi_force_data": [
          1.5603004720270814,
          1.7858841621119708,
          1.6756372967213937
        ]
      },
      "config_4": {
        "drift": false,
        "drift_data": [
          -0.001179,
          0.00025,
          0.001893
        ],
        "devi_force": false,
        "devi_force_data": [
          3.0749429703856146,
          1.0716537711899563,
          2.3879332564074227
        ]
      },
      "config_5": {
        "drift": false,
        "drift_data": [
          0.000217,
          -0.000708,
          -0.000426
        ],
        "devi_force": false,
        "devi_force_data": [
          2.4220739080809186,
          2.6246531112434885,
          2.9347130586652175
        ]
      },
      "config_6": {
        "drift": false,
        "drift_data": [
          -6.5e-05,
          -8.9e-05,
          -0.000477
        ],
        "devi_force": false,
        "devi_force_data": [
          1.9505926583614972,
          1.0841419247133446,
          1.124101587699636
        ]
      },
      "config_7": {
        "drift": false,
        "drift_data": [
          -0.000663,
          -0.000199,
          0.000827
        ],
        "devi_force": false,
        "devi_force_data": [
          1.3661731599813878,
          1.2449735349022104,
          1.0548386190781296
        ]
      }
    },
    "set_0": {
      "config_0": {
        "drift": false,
        "drift_data": [
          0.001196,
          0.000455,
          9.1e-05
        ],
        "devi_force": false,
        "devi_force_data": [
          1.267240345756206,
          1.8221821325605394,
          1.9280903498310016
        ]
      },
      "config_1": {
        "drift": false,
        "drift_data": [
          -0.000576,
          -0.001169,
          -3.8e-05
        ],
        "devi_force": false,
        "devi_force_data": [
          4.005685886482711,
          2.942192871801946,
          1.062082273708512
        ]
      },
      "config_2": {
        "drift": false,
        "drift_data": [
          0.000882,
          -0.002551,
          -0.000258
        ],
        "devi_force": false,
        "devi_force_data": [
          1.3977491873397854,
          1.5432382578556478,
          1.4860642701793403
        ]
      },
      "config_3": {
        "drift": false,
        "drift_data": [
          0.000627,
          -0.000245,
          0.000689
        ],
        "devi_force": false,
        "devi_force_data": [
          1.5603004720270814,
          1.7858841621119708,
          1.6756372967213937
        ]
      },
      "config_4": {
        "drift": false,
        "drift_data": [
          -0.001179,
          0.00025,
          0.001893
        ],
        "devi_force": false,
        "devi_force_data": [
          3.0749429703856146,
          1.0716537711899563,
          2.3879332564074227
        ]
      },
      "config_5": {
        "drift": false,
        "drift_data": [
          0.000217,
          -0.000708,
          -0.000426
        ],
        "devi_force": false,
        "devi_force_data": [
          2.4220739080809186,
          2.6246531112434885,
          2.9347130586652175
        ]
      },
      "config_6": {
        "drift": false,
        "drift_data": [
          -6.5e-05,
          -8.9e-05,
          -0.000477
        ],
        "devi_force": false,
        "devi_force_data": [
          1.9505926583614972,
          1.0841419247133446,
          1.124101587699636
        ]
      },
      "config_7": {
        "drift": false,
        "drift_data": [
          -0.000663,
          -0.000199,
          0.000827
        ],
        "devi_force": false,
        "devi_force_data": [
          1.3661731599813878,
          1.2449735349022104,
          1.0548386190781296
        ]
      },
      "config_8": {
        "drift": false,
        "drift_data": [
          -0.000871,
          -0.000546,
          2.7e-05
        ],
        "devi_force": false,
        "devi_force_data": [
          1.8610854263228436,
          2.489126910409118,
          1.8766391743045845
        ]
      },
      "config_9": {
        "drift": false,
        "drift_data": [
          0.000844,
          0.000428,
          -0.000441
        ],
        "devi_force": false,
        "devi_force_data": [
          1.369839902642652,
          1.2555733508997085,
          0.9034697422823356
        ]
      },
      "config_10": {
        "drift": false,
        "drift_data": [
          0.00031,
          0.000543,
          -0.001739
        ],
        "devi_force": false,
        "devi_force_data": [
          0.770678925318974,
          1.130097297258176,
          1.4232063607499295
        ]
      },
      "config_11": {
        "drift": false,
        "drift_data": [
          0.000499,
          -0.000722,
          -0.000327
        ],
        "devi_force": false,
        "devi_force_data": [
          2.770412157562255,
          1.7224696244888642,
          1.4589337338427792
        ]
      },
      "config_12": {
        "drift": false,
        "drift_data": [
          -0.000426,
          -0.000396,
          -0.000159
        ],
        "devi_force": false,
        "devi_force_data": [
          1.2365205927489644,
          2.0629481468703657,
          1.9238842253250161
        ]
      },
      "config_13": {
        "drift": false,
        "drift_data": [
          -0.000382,
          -1e-05,
          -0.00072
        ],
        "devi_force": false,
        "devi_force_data": [
          1.162914173676308,
          3.0550978266317523,
          1.4575945791165663
        ]
      },
      "config_14": {
        "drift": false,
        "drift_data": [
          0.000328,
          0.000451,
          0.000577
        ],
        "devi_force": false,
        "devi_force_data": [
          2.1703101636824,
          2.9890243075404825,
          4.36434573568375
        ]
      },
      "config_15": {
        "drift": false,
        "drift_data": [
          0.000547,
          4.8e-05,
          -0.000977
        ],
        "devi_force": false,
        "devi_force_data": [
          0.9093538773290488,
          1.3115387687173987,
          1.6164899616387973
        ]
      },
      "config_16": {
        "drift": false,
        "drift_data": [
          -0.000106,
          0.000253,
          0.001333
        ],
        "devi_force": false,
        "devi_force_data": [
          0.8253472848156765,
          1.178668171049367,
          1.7845049713225607
        ]
      },
      "config_17": {
        "drift": false,
        "drift_data": [
          -0.001003,
          8.5e-05,
          -0.000926
        ],
        "devi_force": false,
        "devi_force_data": [
          0.7302632182516854,
          0.5266228793072509,
          0.8636490258108666
        ]
      }
    }
  }
}